allele,Cc_FL,Cc_CV,Cm_FL,Cm_HI
Caca01,1,0,1,0
Chmy01,0,0,1,1
Chmy02,0,0,1,1
Carca09,1,1,1,0
Chmy03,0,0,1,0
Chmy04,0,0,1,1
Chmy05,0,0,1,1
Chmy06,0,0,1,0
Chmy07,1,0,1,0
Carca32,1,1,0,0
Carca15,1,1,1,0
Carca19,1,1,1,0
Chmy08,0,0,1,0
Chmy09,0,0,1,0
Chmy10,1,0,1,1
Chmy11,0,0,1,0
Chmy12,1,0,1,0
Chmy13,0,0,1,0
Chmy14,0,0,1,0
Chmy15,0,0,1,0
Chmy16,0,0,1,0
Caca02,1,0,1,0
Chmy17,1,0,1,1
Carca14,1,1,0,0
Chmy18,0,0,1,0
Chmy19,0,0,1,0
Chmy20,0,0,1,0
Chmy21,0,0,1,0
Chmy22,0,0,1,0
Carca11,1,1,0,0
Carca16,1,1,0,0
Carca17,1,1,0,0
Chmy23,0,0,1,0
Chmy24,0,0,1,0
Carca27,1,1,0,0
Carca13,1,1,0,0
Chmy25,0,0,1,0
Chmy26,1,0,1,0
Chmy27,0,0,1,0
Chmy28,0,0,1,0
Chmy29,0,0,1,0
Chmy30,0,0,1,0
Chmy31,1,0,1,0
Chmy32,0,0,1,0
Chmy33,0,0,1,0
Carca56,1,1,0,0
Caca03,1,0,0,0
Chmy34,0,0,1,0
Carca28,1,1,0,0
Chmy35,0,0,1,0
Chmy36,0,0,1,0
Chmy37,0,0,1,0
Chmy38,0,0,1,0
Chmy39,0,0,1,0
Chmy40,0,0,1,0
Chmy41,1,0,1,0
Chmy42,0,0,1,0
Chmy43,0,0,1,0
Chmy44,0,0,1,1
Carca109,1,1,0,0
Chmy45,0,0,1,0
Chmy46,0,0,1,0
Chmy47,0,0,1,0
Chmy48,0,0,1,0
Chmy49,0,0,1,0
Chmy50,0,0,1,0
Chmy51,0,0,1,0
Chmy52,0,0,1,0
Chmy53,0,0,1,0
Chmy54,0,0,1,1
Caca04,1,0,0,0
Chmy55,1,0,1,0
Chmy56,0,0,1,0
Chmy57,0,0,1,0
Chmy58,0,0,1,0
Chmy59,0,0,1,0
Chmy60,0,0,1,0
Chmy61,0,0,1,0
Chmy62,0,0,1,0
Caca05,1,0,0,0
Chmy63,0,0,1,0
Chmy64,0,0,1,0
Carca25,1,1,0,0
Carca81,1,1,0,0
Chmy65,0,0,1,0
Chmy66,1,0,1,0
Chmy67,0,0,1,0
Chmy68,0,0,1,0
Chmy69,0,0,1,0
Chmy70,0,0,1,0
Chmy71,0,0,1,0
Chmy72,0,0,1,1
Caca06,1,0,0,0
Chmy73,0,0,1,0
Chmy74,0,0,1,0
Chmy75,0,0,1,0
Chmy76,0,0,1,0
Chmy77,0,0,1,0
Chmy78,0,0,1,0
Chmy79,0,0,1,0
Chmy80,0,0,1,0
Chmy81,0,0,1,0
Chmy82,0,0,1,0
Caca07,1,0,0,0
Chmy83,0,0,1,0
Chmy84,0,0,1,0
Chmy85,0,0,1,0
Chmy86,0,0,1,0
Chmy87,0,0,1,0
Caca08,1,0,0,0
Chmy88,0,0,1,0
Chmy89,0,0,1,0
Chmy90,0,0,1,1
Chmy91,0,0,1,0
Chmy92,0,0,1,0
Chmy93,0,0,1,0
Carca475,0,1,0,0
Carca235,0,1,0,0
Carca186,0,1,0,0
Carca102,0,1,0,0
Carca42,0,1,0,0
Carca30,0,1,0,0
Carca21,0,1,0,0
Carca00,0,1,0,0
Deco01,0,0,0,0
Deco02,0,0,0,0
Deco03,0,0,0,0
Deco04,0,0,0,0
Deco05,0,0,0,0
Deco06,0,0,0,0
Deco07,0,0,0,0
Deco08,0,0,0,0
Leke01,0,0,0,0
Leke02,0,0,0,0
Leke03,0,0,0,0
Leke04,0,0,0,0
Leke05,0,0,0,0
Leke06,0,0,0,0
Leke07,0,0,0,0
Leke08,0,0,0,0
Leke09,0,0,0,0
Leke10,0,0,0,0
Leke11,0,0,0,0
Leke12,0,0,0,0
Leke13,0,0,0,0
Caca09,1,0,0,0
Leke14,0,0,0,0
Leke15,0,0,0,0
Leke16,0,0,0,0
Leke17,0,0,0,0
Leke18,0,0,0,0
Chmy94,0,0,0,1
Chmy95,0,0,0,1
Chmy96,0,0,0,1
Chmy97,0,0,0,1
Chmy98,0,0,0,1
Chmy99,0,0,0,1
Chmy100,0,0,0,1
Chmy101,0,0,0,1
Chmy102,0,0,0,1
Chmy103,0,0,0,1
Chmy104,0,0,0,1